{
	"apiVersion": "apps/v1",
	"kind": "Deployment",
	"metadata": {
		"name": "davnn"
	},
	"spec": {
		"selector": {
			"matchLabels": {
				"app": "davnn"
			}
		},
		"replicas": 1,
		"template": {
			"metadata": {
				"labels": {
					"app": "davnn"
				},
				"annotations": null
			},
			"spec": {
				"terminationGracePeriodSeconds": 30,
				"initContainers": [
					{
						"name": "davnn-init-config",
						"image": "solsson/kafka-initutils@sha256:18bf01c2c756b550103a99b3c14f741acccea106072cd37155c6d24be4edd6e2",
						"env": [
							{
								"name": "NODE_NAME",
								"valueFrom": {
									"fieldRef": {
										"fieldPath": "spec.nodeName"
									}
								}
							},
							{
								"name": "POD_NAME",
								"valueFrom": {
									"fieldRef": {
										"fieldPath": "metadata.name"
									}
								}
							},
							{
								"name": "POD_NAMESPACE",
								"valueFrom": {
									"fieldRef": {
										"fieldPath": "metadata.namespace"
									}
								}
							}
						],
						"command": [
							"/bin/bash",
							"/etc/kafka-configmap/init.sh"
						],
						"volumeMounts": [
							{
								"name": "configmap",
								"mountPath": "/etc/kafka-configmap"
							},
							{
								"name": "config",
								"mountPath": "/etc/kafka"
							}
						]
					}
				],
				"containers": [
					{
						"name": "nginx-container",
						"image": "nginx"
					},
					{
						"name": "kafka",
						"image": "solsson/kafka:1.0.2@sha256:7fdb326994bcde133c777d888d06863b7c1a0e80f043582816715d76643ab789",
						"env": [
							{
								"name": "KAFKA_LOG4J_OPTS",
								"value": "-Dlog4j.configuration=file:/etc/kafka/log4j.properties"
							},
							{
								"name": "JMX_PORT",
								"value": "5555"
							}
						],
						"ports": [
							{
								"name": "inside",
								"containerPort": 9092
							},
							{
								"name": "outside",
								"containerPort": 9094
							},
							{
								"name": "jmx",
								"containerPort": 5555
							}
						],
						"command": [
							"./bin/kafka-server-start.sh",
							"/etc/kafka/server.properties"
						],
						"resources": {
							"requests": {
								"cpu": "100m",
								"memory": "100Mi"
							}
						},
						"readinessProbe": {
							"tcpSocket": {
								"port": 9092
							},
							"timeoutSeconds": 1
						},
						"volumeMounts": [
							{
								"name": "config",
								"mountPath": "/etc/kafka"
							},
							{
								"name": "data",
								"mountPath": "/var/lib/kafka/data"
							}
						]
          },
          {
            "name": "cassandra",
            "image": "gcr.io/google-samples/cassandra:v13",
            "imagePullPolicy": "Always",
            "ports": [
              {
                "containerPort": 7000,
                "name": "intra-node"
              },
              {
                "containerPort": 7001,
                "name": "tls-intra-node"
              },
              {
                "containerPort": 7199,
                "name": "jmx"
              },
              {
                "containerPort": 9042,
                "name": "cql"
              }
            ],
            "resources": {
              "limits": {
                "cpu": "1000m",
                "memory": "1Gi"
              },
              "requests": {
                "cpu": "100m",
                "memory": "512Mi"
              }
            },
            "securityContext": {
              "capabilities": {
                "add": [
                  "IPC_LOCK"
                ]
              }
            },
            "lifecycle": {
              "preStop": {
                "exec": {
                  "command": [
                    "/bin/sh",
                    "-c",
                    "nodetool drain"
                  ]
                }
              }
            },
            "env": [
              {
                "name": "MAX_HEAP_SIZE",
                "value": "512M"
              },
              {
                "name": "HEAP_NEWSIZE",
                "value": "100M"
              },
              {
                "name": "CASSANDRA_CLUSTER_NAME",
                "value": "ride-hailing"
              },
              {
                "name": "CASSANDRA_DC",
                "value": "DC1"
              },
              {
                "name": "CASSANDRA_RACK",
                "value": "Rack1"
              },
              {
                "name": "POD_IP",
                "valueFrom": {
                  "fieldRef": {
                    "fieldPath": "status.podIP"
                  }
                }
              }
            ],
            "readinessProbe": {
              "exec": {
                "command": [
                  "/bin/bash",
                  "-c",
                  "/ready-probe.sh"
                ]
              },
              "initialDelaySeconds": 15,
              "timeoutSeconds": 5
            },
            "volumeMounts": [
              {
                "name": "cassandra-data",
                "mountPath": "/cassandra_data"
              }
            ]
          }
				],
				"volumes": [
					{
						"name": "configmap",
						"configMap": {
							"name": "broker-config"
						}
					},
					{
						"name": "config",
						"emptyDir": {}
					},
					{
						"name": "data",
						"emptyDir": {}
          },
          {
            "name": "cassandra-data",
            "emptyDir": {}
          }
				]
			}
		}
	}
}