{
  "extends": "tslint:recommended",
  "rules": {
    "align": [true, "statements", "members", "elements"],
    "member-ordering": [
      true,
      {
        "order": [
          "private-static-field",
          "protected-static-field",
          "public-static-field",

          "private-instance-field",
          "protected-instance-field",
          "public-instance-field",

          "private-static-method",
          "protected-static-method",
          "public-static-method",

          "private-constructor",
          "protected-constructor",
          "public-constructor",

          "private-instance-method",
          "protected-instance-method",
          "public-instance-method"
        ]
      }
    ],
    "no-namespace": false,
    "max-line-length": {
      "options": [150]
    },
    "quotemark": [true, "single"],
    "new-parens": true,
    "no-arg": true,
    "no-bitwise": true,
    "no-conditional-assignment": true,
    "no-consecutive-blank-lines": false,
    "no-console": {
      "severity": "warning",
      "options": [
        "debug",
        "info",
        "log",
        "time",
        "timeEnd",
        "trace"
      ]
    },
    "ordered-imports": false,
    "object-literal-sort-keys": false,
    "variable-name": {
      "options": ["allow-leading-underscore"]
    }
  }
}
